timestamp	episode	reward	steps	end_reason	route	TOTAL_EGO_CRASHES	TOTAL_COLLISION_EVENTS	TOTAL_EGO_COLLISIONS	TOTAL_EGO_TELEPORTS	TOTAL_EGO_EMERGENCY_STOPS
2026-05-02T21:24:12	1	-134.885093	932	arrived	None	0	20	0	0	0
2026-05-02T21:24:16	2	-106.625474	725	arrived	None	0	50	0	0	0
2026-05-02T21:24:18	3	14.496677	485	arrived	None	0	58	0	0	0
2026-05-02T21:24:22	4	-88.473708	761	arrived	None	0	90	0	0	0
2026-05-02T21:24:23	5	-27.411309	278	arrived	None	0	95	0	0	0
2026-05-02T21:24:25	6	52.974647	422	arrived	None	0	99	0	0	0
2026-05-02T21:24:27	7	23.299800	131	arrived	None	0	99	0	0	0
2026-05-02T21:24:31	8	-747.551299	952	arrived	None	0	142	0	0	0
2026-05-02T21:24:33	9	-170.112800	341	arrived	None	0	144	0	0	0
2026-05-02T21:24:37	10	-498.946353	845	arrived	None	0	182	0	0	0
2026-05-02T21:24:39	11	-87.574170	460	arrived	None	0	188	0	0	0
2026-05-02T21:24:41	12	82.566013	347	arrived	None	0	191	0	0	0
2026-05-02T21:24:43	13	-224.449781	428	arrived	None	0	197	0	0	0
2026-05-02T21:24:46	14	-61.225428	481	arrived	None	0	205	0	0	0
2026-05-02T21:24:49	15	-350.723568	754	arrived	None	0	238	0	0	0
2026-05-02T21:24:51	16	-66.017200	416	arrived	None	0	242	0	0	0
2026-05-02T21:24:53	17	165.736240	341	arrived	None	0	245	0	0	0
2026-05-02T21:24:56	18	-202.091868	710	arrived	None	0	279	0	0	0
2026-05-02T21:25:00	19	-171.487262	716	arrived	None	0	308	0	0	0
2026-05-02T21:25:02	20	4.888705	456	arrived	None	0	314	0	0	0
2026-05-02T21:25:04	21	-0.131404	430	arrived	None	0	320	0	0	0
2026-05-02T21:25:07	22	-84.952252	477	arrived	None	0	326	0	0	0
2026-05-02T21:25:08	23	111.564998	222	arrived	None	0	329	0	0	0
2026-05-02T21:25:10	24	24.609073	327	arrived	None	0	335	0	0	0
2026-05-02T21:25:12	25	-287.151838	363	arrived	None	0	337	0	0	0
2026-05-02T21:25:14	26	53.350706	327	arrived	None	0	341	0	0	0
2026-05-02T21:25:15	27	82.409780	102	arrived	None	0	341	0	0	0
2026-05-02T21:25:18	28	-26.998948	483	arrived	None	0	345	0	0	0
2026-05-02T21:25:20	29	33.509392	469	arrived	None	0	356	0	0	0
2026-05-02T21:25:23	30	23.954393	437	arrived	None	0	364	0	0	0
2026-05-02T21:25:24	31	16.620000	150	arrived	None	0	364	0	0	0
2026-05-02T21:25:26	32	-120.191886	464	arrived	None	0	375	0	0	0
2026-05-02T21:25:29	33	-141.454377	427	arrived	None	0	381	0	0	0
2026-05-02T21:25:32	34	-207.884044	641	arrived	None	0	391	0	0	0
2026-05-02T21:25:33	35	49.020840	207	arrived	None	0	394	0	0	0
2026-05-02T21:25:36	36	-208.169277	443	arrived	None	0	396	0	0	0
2026-05-02T21:25:38	37	145.459060	209	arrived	None	0	398	0	0	0
2026-05-02T21:25:41	38	-7.875261	556	arrived	None	0	403	0	0	0
2026-05-02T21:25:44	39	-439.241634	686	arrived	None	0	415	0	0	0
2026-05-02T21:25:46	40	60.279341	390	arrived	None	0	419	0	0	0
2026-05-02T21:25:49	41	-271.830971	576	arrived	None	0	428	0	0	0
2026-05-02T21:25:50	42	79.643303	120	arrived	None	0	428	0	0	0
2026-05-02T21:25:51	43	83.367020	96	arrived	None	0	428	0	0	0
2026-05-02T21:25:55	44	-385.409022	698	arrived	None	0	445	0	0	0
2026-05-02T21:25:56	45	-19.503050	116	arrived	None	0	445	0	0	0
2026-05-02T21:25:58	46	154.658802	300	arrived	None	0	447	0	0	0
2026-05-02T21:25:59	47	-25.563050	86	arrived	None	0	447	0	0	0
2026-05-02T21:26:02	48	-105.926783	456	arrived	None	0	457	0	0	0
2026-05-02T21:26:05	49	-326.634783	711	arrived	None	0	465	0	0	0
2026-05-02T21:26:07	50	-11.149869	510	arrived	None	0	471	0	0	0
2026-05-02T21:26:10	51	-78.949502	461	arrived	None	0	477	0	0	0
2026-05-02T21:26:12	52	-84.580492	484	arrived	None	0	484	0	0	0
2026-05-02T21:26:15	53	-66.718468	484	arrived	None	0	490	0	0	0
2026-05-02T21:26:18	54	-146.703885	616	arrived	None	0	503	0	0	0
2026-05-02T21:26:20	55	-154.072443	347	arrived	None	0	508	0	0	0
2026-05-02T21:26:22	56	20.224451	351	arrived	None	0	512	0	0	0
2026-05-02T21:26:24	57	-184.185845	387	arrived	None	0	516	0	0	0
2026-05-02T21:26:26	58	-15.075046	460	arrived	None	0	525	0	0	0
2026-05-02T21:26:28	59	172.345159	337	arrived	None	0	528	0	0	0
2026-05-02T21:26:30	60	38.094034	288	arrived	None	0	530	0	0	0
2026-05-02T21:26:31	61	-21.823050	157	arrived	None	0	532	0	0	0
2026-05-02T21:26:33	62	61.065060	247	arrived	None	0	539	0	0	0
2026-05-02T21:26:35	63	1.909036	369	arrived	None	0	543	0	0	0
2026-05-02T21:26:39	64	-670.201427	830	arrived	None	0	579	0	0	0
2026-05-02T21:26:41	65	2.239867	324	arrived	None	0	581	0	0	0
2026-05-02T21:26:44	66	-325.990019	700	arrived	None	0	602	0	0	0
2026-05-02T21:26:46	67	184.543766	355	arrived	None	0	606	0	0	0
2026-05-02T21:26:50	68	-172.768653	639	arrived	None	0	617	0	0	0
2026-05-02T21:26:51	69	-24.680733	94	arrived	None	0	617	0	0	0
2026-05-02T21:26:54	70	-152.337751	525	arrived	None	0	625	0	0	0
2026-05-02T21:26:56	71	-26.236320	333	arrived	None	0	628	0	0	0
2026-05-02T21:26:57	72	-3.763050	103	arrived	None	0	628	0	0	0
2026-05-02T21:27:00	73	-84.375373	469	arrived	None	0	635	0	0	0
2026-05-02T21:27:01	74	87.430000	120	arrived	None	0	635	0	0	0
2026-05-02T21:27:03	75	114.932273	296	arrived	None	0	639	0	0	0
2026-05-02T21:27:04	76	-18.490000	149	arrived	None	0	641	0	0	0
2026-05-02T21:27:07	77	-202.129844	638	arrived	None	0	647	0	0	0
2026-05-02T21:27:09	78	-190.322274	354	arrived	None	0	653	0	0	0
2026-05-02T21:27:11	79	173.589437	338	arrived	None	0	659	0	0	0
2026-05-02T21:27:14	80	-71.143063	571	arrived	None	0	669	0	0	0
2026-05-02T21:27:18	81	-297.382442	691	arrived	None	0	679	0	0	0
2026-05-02T21:27:19	82	9.535000	111	arrived	None	0	681	0	0	0
2026-05-02T21:27:22	83	-298.452200	438	arrived	None	0	687	0	0	0
2026-05-02T21:27:23	84	81.042694	103	arrived	None	0	689	0	0	0
2026-05-02T21:27:24	85	-10.005660	104	arrived	None	0	689	0	0	0
2026-05-02T21:27:25	86	-22.926298	121	arrived	None	0	691	0	0	0
2026-05-02T21:27:28	87	54.672733	445	arrived	None	0	697	0	0	0
2026-05-02T21:27:30	88	-90.972471	563	arrived	None	0	707	0	0	0
2026-05-02T21:27:34	89	-124.567468	602	arrived	None	0	711	0	0	0
2026-05-02T21:27:35	90	160.164080	207	arrived	None	0	713	0	0	0
2026-05-02T21:27:37	91	7.973875	326	arrived	None	0	716	0	0	0
2026-05-02T21:27:39	92	87.624788	198	arrived	None	0	718	0	0	0
2026-05-02T21:27:41	93	121.936744	366	arrived	None	0	723	0	0	0
2026-05-02T21:27:42	94	8.422110	325	arrived	None	0	729	0	0	0
2026-05-02T21:27:44	95	107.463867	309	arrived	None	0	734	0	0	0
2026-05-02T21:27:46	96	109.049057	172	arrived	None	0	734	0	0	0
2026-05-02T21:27:47	97	99.117935	254	arrived	None	0	740	0	0	0
2026-05-02T21:27:49	98	1.926167	380	arrived	None	0	747	0	0	0
2026-05-02T21:27:51	99	173.831113	229	arrived	None	0	749	0	0	0
2026-05-02T21:27:53	100	-4.403116	270	arrived	None	0	754	0	0	0
2026-05-02T21:27:55	101	-219.911908	364	arrived	None	0	757	0	0	0
2026-05-02T21:27:56	102	101.607529	182	arrived	None	0	757	0	0	0
2026-05-02T21:27:58	103	91.239879	301	arrived	None	0	762	0	0	0
2026-05-02T21:28:00	104	46.051866	313	arrived	None	0	765	0	0	0
2026-05-02T21:28:02	105	119.991278	211	arrived	None	0	767	0	0	0
2026-05-02T21:28:03	106	69.102520	248	arrived	None	0	769	0	0	0
2026-05-02T21:28:05	107	100.424680	201	arrived	None	0	772	0	0	0
2026-05-02T21:28:06	108	-11.090000	101	arrived	None	0	776	0	0	0
2026-05-02T21:28:07	109	27.411450	168	arrived	None	0	776	0	0	0
2026-05-02T21:28:08	110	-24.244067	102	arrived	None	0	776	0	0	0
2026-05-02T21:28:10	111	18.346063	123	arrived	None	0	776	0	0	0
2026-05-02T21:28:11	112	12.460000	67	ego_crash	None	1	777	1	0	0
2026-05-02T21:28:12	113	113.725280	227	arrived	None	1	779	1	0	0
2026-05-02T21:28:14	114	-187.877269	303	arrived	None	1	783	1	0	0
2026-05-02T21:28:15	115	-15.442033	88	arrived	None	1	783	1	0	0
2026-05-02T21:28:17	116	-0.408628	339	arrived	None	1	786	1	0	0
2026-05-02T21:28:19	117	60.237165	298	arrived	None	1	791	1	0	0
2026-05-02T21:28:21	118	58.921103	338	arrived	None	1	794	1	0	0
2026-05-02T21:28:23	119	-10.404161	319	arrived	None	1	796	1	0	0
2026-05-02T21:28:25	120	65.773240	326	arrived	None	1	798	1	0	0
2026-05-02T21:28:27	121	59.531436	258	arrived	None	1	804	1	0	0
2026-05-02T21:28:28	122	23.738260	135	arrived	None	1	804	1	0	0
2026-05-02T21:28:30	123	-247.478253	451	arrived	None	1	808	1	0	0
2026-05-02T21:28:32	124	68.888956	221	arrived	None	1	811	1	0	0
2026-05-02T21:28:34	125	56.785278	438	arrived	None	1	819	1	0	0
2026-05-02T21:28:36	126	144.770422	274	arrived	None	1	821	1	0	0
2026-05-02T21:28:39	127	-73.040184	530	arrived	None	1	828	1	0	0
2026-05-02T21:28:40	128	-4.766240	171	arrived	None	1	828	1	0	0
2026-05-02T21:28:43	129	-244.191180	602	arrived	None	1	832	1	0	0
2026-05-02T21:28:44	130	17.118950	107	arrived	None	1	832	1	0	0
2026-05-02T21:28:46	131	22.925792	290	arrived	None	1	834	1	0	0
2026-05-02T21:28:49	132	-168.337314	643	arrived	None	1	840	1	0	0
2026-05-02T21:28:51	133	177.777740	255	arrived	None	1	846	1	0	0
2026-05-02T21:28:53	134	72.780148	356	arrived	None	1	851	1	0	0
2026-05-02T21:28:55	135	54.365405	347	arrived	None	1	855	1	0	0
2026-05-02T21:28:58	136	-423.988198	654	arrived	None	1	865	1	0	0
2026-05-02T21:28:59	137	-34.970390	89	arrived	None	1	865	1	0	0
2026-05-02T21:29:01	138	53.913452	167	arrived	None	1	865	1	0	0
2026-05-02T21:29:02	139	-19.743050	94	arrived	None	1	865	1	0	0
2026-05-02T21:29:04	140	148.975273	210	arrived	None	1	867	1	0	0
2026-05-02T21:29:05	141	99.593873	208	arrived	None	1	871	1	0	0
2026-05-02T21:29:08	142	-280.749682	591	arrived	None	1	880	1	0	0
2026-05-02T21:29:10	143	-113.908139	296	arrived	None	1	883	1	0	0
2026-05-02T21:29:12	144	-57.598069	375	arrived	None	1	888	1	0	0
2026-05-02T21:29:13	145	72.971700	191	arrived	None	1	891	1	0	0
2026-05-02T21:29:15	146	151.991087	203	arrived	None	1	893	1	0	0
2026-05-02T21:29:17	147	-83.915496	512	arrived	None	1	901	1	0	0
2026-05-02T21:29:19	148	67.795980	256	arrived	None	1	905	1	0	0
2026-05-02T21:29:21	149	58.699663	278	arrived	None	1	909	1	0	0
2026-05-02T21:29:22	150	16.201900	101	arrived	None	1	909	1	0	0
2026-05-02T21:29:23	151	-18.067400	85	arrived	None	1	909	1	0	0
2026-05-02T21:29:25	152	125.822040	224	arrived	None	1	912	1	0	0
2026-05-02T21:29:26	153	-18.310000	91	arrived	None	1	913	1	0	0
2026-05-02T21:29:28	154	-120.360671	444	arrived	None	1	920	1	0	0
2026-05-02T21:29:30	155	109.616450	242	arrived	None	1	925	1	0	0
2026-05-02T21:29:33	156	-169.742885	442	arrived	None	1	932	1	0	0
2026-05-02T21:29:35	157	-208.650677	529	arrived	None	1	941	1	0	0
2026-05-02T21:29:38	158	-212.850198	523	arrived	None	1	947	1	0	0
2026-05-02T21:29:39	159	170.064360	239	arrived	None	1	949	1	0	0
2026-05-02T21:29:42	160	-76.699358	510	arrived	None	1	958	1	0	0
2026-05-02T21:29:44	161	66.024167	450	arrived	None	1	961	1	0	0
2026-05-02T21:29:47	162	-242.392908	541	arrived	None	1	968	1	0	0
2026-05-02T21:29:49	163	84.451113	354	arrived	None	1	972	1	0	0
2026-05-02T21:29:50	164	64.920000	164	arrived	None	1	972	1	0	0
2026-05-02T21:29:52	165	70.894393	345	arrived	None	1	976	1	0	0
2026-05-02T21:29:54	166	-13.169533	104	arrived	None	1	976	1	0	0
2026-05-02T21:29:55	167	-164.128628	301	arrived	None	1	978	1	0	0
2026-05-02T21:29:57	168	129.410000	183	arrived	None	1	978	1	0	0
2026-05-02T21:29:59	169	93.780573	220	arrived	None	1	980	1	0	0
2026-05-02T21:30:01	170	-183.463818	547	arrived	None	1	989	1	0	0
2026-05-02T21:30:03	171	55.642702	163	arrived	None	1	989	1	0	0
2026-05-02T21:30:05	172	-63.578155	324	arrived	None	1	992	1	0	0
2026-05-02T21:30:06	173	121.291220	242	arrived	None	1	994	1	0	0
2026-05-02T21:30:09	174	-14.904259	586	arrived	None	1	1003	1	0	0
2026-05-02T21:30:11	175	145.616565	373	arrived	None	1	1015	1	0	0
2026-05-02T21:30:13	176	127.338875	306	arrived	None	1	1021	1	0	0
2026-05-02T21:30:14	177	85.240322	123	arrived	None	1	1021	1	0	0
2026-05-02T21:30:16	178	154.115110	310	arrived	None	1	1021	1	0	0
2026-05-02T21:30:18	179	-81.760763	258	arrived	None	1	1026	1	0	0
2026-05-02T21:30:20	180	-282.672564	446	arrived	None	1	1035	1	0	0
2026-05-02T21:30:22	181	26.261727	442	arrived	None	1	1041	1	0	0
2026-05-02T21:30:24	182	85.191680	439	arrived	None	1	1044	1	0	0
2026-05-02T21:30:26	183	-32.605092	324	arrived	None	1	1050	1	0	0
2026-05-02T21:30:28	184	155.885030	341	arrived	None	1	1055	1	0	0
2026-05-02T21:30:30	185	-124.386331	304	arrived	None	1	1060	1	0	0
2026-05-02T21:30:31	186	73.815900	162	arrived	None	1	1062	1	0	0
2026-05-02T21:30:33	187	25.629315	144	arrived	None	1	1062	1	0	0
2026-05-02T21:30:34	188	1.176950	148	arrived	None	1	1064	1	0	0
2026-05-02T21:30:36	189	-183.067417	379	arrived	None	1	1071	1	0	0
2026-05-02T21:30:38	190	150.648480	227	arrived	None	1	1073	1	0	0
2026-05-02T21:30:39	191	7.520000	98	arrived	None	1	1073	1	0	0
2026-05-02T21:30:40	192	27.660000	107	arrived	None	1	1073	1	0	0
2026-05-02T21:30:42	193	-50.856910	286	arrived	None	1	1077	1	0	0
2026-05-02T21:30:45	194	-28.944848	535	arrived	None	1	1085	1	0	0
2026-05-02T21:30:47	195	104.553281	294	arrived	None	1	1091	1	0	0
2026-05-02T21:30:48	196	76.209104	296	arrived	None	1	1097	1	0	0
2026-05-02T21:30:50	197	-62.765588	312	arrived	None	1	1099	1	0	0
2026-05-02T21:30:53	198	49.651519	510	arrived	None	1	1105	1	0	0
2026-05-02T21:30:54	199	121.364173	322	arrived	None	1	1108	1	0	0
2026-05-02T21:30:56	200	70.459324	318	arrived	None	1	1111	1	0	0
2026-05-02T21:30:58	201	0.166950	101	arrived	None	1	1111	1	0	0
2026-05-02T21:30:59	202	20.931160	327	arrived	None	1	1118	1	0	0
2026-05-02T21:31:01	203	68.689993	353	arrived	None	1	1123	1	0	0
2026-05-02T21:31:03	204	87.911480	111	arrived	None	1	1123	1	0	0
2026-05-02T21:31:04	205	-98.994901	318	arrived	None	1	1126	1	0	0
2026-05-02T21:31:06	206	78.548720	116	arrived	None	1	1126	1	0	0
2026-05-02T21:31:09	207	-270.029688	624	arrived	None	1	1132	1	0	0
2026-05-02T21:31:10	208	85.800000	119	arrived	None	1	1132	1	0	0
2026-05-02T21:31:12	209	13.377521	427	arrived	None	1	1137	1	0	0
2026-05-02T21:31:14	210	168.590143	278	arrived	None	1	1139	1	0	0
2026-05-02T21:31:17	211	-84.059213	444	arrived	None	1	1143	1	0	0
2026-05-02T21:31:19	212	-132.835230	458	arrived	None	1	1150	1	0	0
2026-05-02T21:31:22	213	-135.929617	563	arrived	None	1	1158	1	0	0
2026-05-02T21:31:24	214	20.665575	450	arrived	None	1	1169	1	0	0
2026-05-02T21:31:26	215	70.389820	324	arrived	None	1	1174	1	0	0
2026-05-02T21:31:28	216	-80.663054	421	arrived	None	1	1178	1	0	0
2026-05-02T21:31:30	217	108.796775	332	arrived	None	1	1180	1	0	0
2026-05-02T21:31:32	218	108.575780	314	arrived	None	1	1187	1	0	0
2026-05-02T21:31:34	219	160.188940	426	arrived	None	1	1189	1	0	0
2026-05-02T21:31:38	220	-304.528508	892	arrived	None	1	1203	1	0	0
2026-05-02T21:31:40	221	155.954227	323	arrived	None	1	1203	1	0	0
2026-05-02T21:31:42	222	126.741240	324	arrived	None	1	1205	1	0	0
2026-05-02T21:31:44	223	133.552371	341	arrived	None	1	1207	1	0	0
2026-05-02T21:31:45	224	129.616853	297	arrived	None	1	1209	1	0	0
2026-05-02T21:31:48	225	-94.517684	446	arrived	None	1	1216	1	0	0
2026-05-02T21:31:50	226	176.047295	365	arrived	None	1	1222	1	0	0
2026-05-02T21:31:54	227	-283.281285	964	arrived	None	1	1259	1	0	0
2026-05-02T21:31:55	228	75.410000	85	arrived	None	1	1259	1	0	0
2026-05-02T21:31:57	229	171.408500	376	arrived	None	1	1263	1	0	0
2026-05-02T21:31:59	230	21.556834	156	arrived	None	1	1263	1	0	0
2026-05-02T21:32:00	231	82.815275	335	arrived	None	1	1269	1	0	0
2026-05-02T21:32:03	232	-107.565981	498	arrived	None	1	1278	1	0	0
2026-05-02T21:32:05	233	-173.243110	440	arrived	None	1	1283	1	0	0
2026-05-02T21:32:07	234	87.062260	148	arrived	None	1	1283	1	0	0
2026-05-02T21:32:09	235	-281.144448	469	arrived	None	1	1295	1	0	0
2026-05-02T21:32:11	236	41.249735	378	arrived	None	1	1300	1	0	0
2026-05-02T21:32:14	237	-303.305944	524	arrived	None	1	1305	1	0	0
2026-05-02T21:32:16	238	85.838546	133	arrived	None	1	1305	1	0	0
2026-05-02T21:32:18	239	-96.592265	505	arrived	None	1	1309	1	0	0
2026-05-02T21:32:21	240	-295.777938	457	arrived	None	1	1315	1	0	0
2026-05-02T21:32:24	241	-40.744560	624	arrived	None	1	1322	1	0	0
2026-05-02T21:32:28	242	-102.552719	797	arrived	None	1	1355	1	0	0
2026-05-02T21:32:30	243	182.185936	606	arrived	None	1	1359	1	0	0
2026-05-02T21:32:32	244	45.270000	135	arrived	None	1	1359	1	0	0
2026-05-02T21:32:34	245	155.736660	351	arrived	None	1	1363	1	0	0
2026-05-02T21:32:35	246	82.898080	144	arrived	None	1	1363	1	0	0
2026-05-02T21:32:37	247	65.444040	433	arrived	None	1	1369	1	0	0
2026-05-02T21:32:40	248	-302.197590	463	arrived	None	1	1377	1	0	0
2026-05-02T21:32:41	249	42.640000	106	arrived	None	1	1377	1	0	0
2026-05-02T21:32:43	250	127.558370	364	arrived	None	1	1379	1	0	0
2026-05-02T21:32:45	251	93.750487	363	arrived	None	1	1385	1	0	0
2026-05-02T21:32:47	252	28.403400	368	arrived	None	1	1391	1	0	0
2026-05-02T21:32:50	253	73.921300	687	arrived	None	1	1400	1	0	0
2026-05-02T21:32:52	254	96.867481	379	arrived	None	1	1404	1	0	0
2026-05-02T21:32:54	255	164.074520	423	arrived	None	1	1408	1	0	0
2026-05-02T21:32:57	256	129.045357	449	arrived	None	1	1415	1	0	0
2026-05-02T21:33:01	257	-263.271702	784	arrived	None	1	1438	1	0	0
2026-05-02T21:33:02	258	76.751060	119	arrived	None	1	1438	1	0	0
2026-05-02T21:33:04	259	100.581056	330	arrived	None	1	1440	1	0	0
2026-05-02T21:33:06	260	146.332335	332	arrived	None	1	1443	1	0	0
2026-05-02T21:33:07	261	66.771493	305	arrived	None	1	1447	1	0	0
2026-05-02T21:33:09	262	87.717302	123	arrived	None	1	1447	1	0	0
2026-05-02T21:33:10	263	82.950787	143	arrived	None	1	1447	1	0	0
2026-05-02T21:33:12	264	31.712769	352	arrived	None	1	1451	1	0	0
2026-05-02T21:33:15	265	98.113270	450	arrived	None	1	1461	1	0	0
2026-05-02T21:33:18	266	-7.968887	471	arrived	None	1	1466	1	0	0
2026-05-02T21:33:19	267	51.920000	94	arrived	None	1	1466	1	0	0
2026-05-02T21:33:20	268	76.950000	111	arrived	None	1	1466	1	0	0
2026-05-02T21:33:22	269	177.818940	320	arrived	None	1	1468	1	0	0
2026-05-02T21:33:24	270	35.502534	279	arrived	None	1	1470	1	0	0
2026-05-02T21:33:27	271	18.642837	479	arrived	None	1	1476	1	0	0
2026-05-02T21:33:31	272	-238.358672	861	arrived	None	1	1488	1	0	0
2026-05-02T21:33:32	273	155.596227	277	arrived	None	1	1490	1	0	0
2026-05-02T21:33:34	274	-127.700093	336	arrived	None	1	1496	1	0	0
2026-05-02T21:33:37	275	-111.624082	458	arrived	None	1	1503	1	0	0
2026-05-02T21:33:39	276	66.971269	439	arrived	None	1	1511	1	0	0
2026-05-02T21:33:44	277	-172.836810	1084	arrived	None	1	1550	1	0	0
2026-05-02T21:33:45	278	78.951700	140	arrived	None	1	1550	1	0	0
2026-05-02T21:33:47	279	46.172150	151	arrived	None	1	1550	1	0	0
2026-05-02T21:33:50	280	-326.388523	550	arrived	None	1	1560	1	0	0
2026-05-02T21:33:52	281	-69.430000	430	arrived	None	1	1568	1	0	0
2026-05-02T21:33:54	282	-258.162877	494	arrived	None	1	1572	1	0	0
2026-05-02T21:33:56	283	180.090770	334	arrived	None	1	1577	1	0	0
2026-05-02T21:33:59	284	96.145410	514	arrived	None	1	1584	1	0	0
2026-05-02T21:34:01	285	133.580860	410	arrived	None	1	1586	1	0	0
2026-05-02T21:34:02	286	69.619600	146	arrived	None	1	1588	1	0	0
2026-05-02T21:34:05	287	167.065840	443	arrived	None	1	1593	1	0	0
2026-05-02T21:34:07	288	171.230180	435	arrived	None	1	1596	1	0	0
2026-05-02T21:34:09	289	118.221843	525	arrived	None	1	1602	1	0	0
2026-05-02T21:34:11	290	40.950000	120	arrived	None	1	1602	1	0	0
2026-05-02T21:34:12	291	-8.940000	94	arrived	None	1	1602	1	0	0
2026-05-02T21:34:14	292	163.728567	298	arrived	None	1	1602	1	0	0
2026-05-02T21:34:16	293	88.671450	367	arrived	None	1	1611	1	0	0
2026-05-02T21:34:18	294	-20.819926	447	arrived	None	1	1618	1	0	0
2026-05-02T21:34:19	295	54.920000	111	arrived	None	1	1618	1	0	0
2026-05-02T21:34:21	296	125.895020	349	arrived	None	1	1622	1	0	0
2026-05-02T21:34:23	297	74.170000	166	arrived	None	1	1622	1	0	0
2026-05-02T21:34:25	298	64.967980	364	arrived	None	1	1626	1	0	0
2026-05-02T21:34:27	299	129.173753	362	arrived	None	1	1630	1	0	0
2026-05-02T21:34:28	300	121.296941	300	arrived	None	1	1632	1	0	0
2026-05-02T21:34:30	301	124.282179	389	arrived	None	1	1638	1	0	0
2026-05-02T21:34:33	302	44.298204	434	arrived	None	1	1640	1	0	0
2026-05-02T21:34:35	303	-60.235051	318	arrived	None	1	1644	1	0	0
2026-05-02T21:34:37	304	178.407363	324	arrived	None	1	1644	1	0	0
2026-05-02T21:34:38	305	123.292140	201	arrived	None	1	1646	1	0	0
2026-05-02T21:34:40	306	85.515600	380	arrived	None	1	1648	1	0	0
2026-05-02T21:34:42	307	156.947431	301	arrived	None	1	1652	1	0	0
2026-05-02T21:34:44	308	68.228578	290	arrived	None	1	1654	1	0	0
2026-05-02T21:34:46	309	-95.510630	387	arrived	None	1	1656	1	0	0
2026-05-02T21:34:48	310	228.733277	437	arrived	None	1	1660	1	0	0
2026-05-02T21:34:50	311	119.829077	183	arrived	None	1	1660	1	0	0
2026-05-02T21:34:51	312	61.304050	100	arrived	None	1	1660	1	0	0
2026-05-02T21:34:53	313	151.119420	274	arrived	None	1	1662	1	0	0
2026-05-02T21:34:55	314	149.798885	437	arrived	None	1	1669	1	0	0
2026-05-02T21:34:57	315	133.679515	441	arrived	None	1	1677	1	0	0
2026-05-02T21:35:00	316	-53.665977	432	arrived	None	1	1689	1	0	0
2026-05-02T21:35:02	317	115.825370	319	arrived	None	1	1695	1	0	0
2026-05-02T21:35:05	318	31.614154	561	arrived	None	1	1701	1	0	0
2026-05-02T21:35:06	319	162.069980	249	arrived	None	1	1703	1	0	0
2026-05-02T21:35:07	320	79.431700	124	arrived	None	1	1705	1	0	0
2026-05-02T21:35:09	321	150.559993	241	arrived	None	1	1712	1	0	0
2026-05-02T21:35:11	322	-19.642355	498	arrived	None	1	1718	1	0	0
2026-05-02T21:35:13	323	50.758720	189	arrived	None	1	1721	1	0	0
2026-05-02T21:35:14	324	76.402340	117	arrived	None	1	1721	1	0	0
2026-05-02T21:35:16	325	44.591787	284	arrived	None	1	1725	1	0	0
2026-05-02T21:35:18	326	-277.617381	531	arrived	None	1	1736	1	0	0
2026-05-02T21:35:20	327	94.795640	273	arrived	None	1	1739	1	0	0
2026-05-02T21:35:22	328	-182.802982	331	arrived	None	1	1743	1	0	0
2026-05-02T21:35:25	329	116.528062	437	arrived	None	1	1747	1	0	0
2026-05-02T21:35:26	330	-177.593129	350	arrived	None	1	1749	1	0	0
2026-05-02T21:35:28	331	1.650000	99	arrived	None	1	1749	1	0	0
2026-05-02T21:35:30	332	-109.807143	446	arrived	None	1	1755	1	0	0
2026-05-02T21:35:32	333	-111.884620	368	arrived	None	1	1757	1	0	0
2026-05-02T21:35:34	334	56.639941	285	arrived	None	1	1761	1	0	0
2026-05-02T21:35:35	335	105.997015	153	arrived	None	1	1761	1	0	0
2026-05-02T21:35:36	336	49.510000	88	arrived	None	1	1761	1	0	0
2026-05-02T21:35:38	337	135.821807	300	arrived	None	1	1763	1	0	0
2026-05-02T21:35:39	338	60.551390	107	arrived	None	1	1763	1	0	0
2026-05-02T21:35:41	339	116.747631	173	arrived	None	1	1763	1	0	0
2026-05-02T21:35:42	340	81.358720	125	arrived	None	1	1763	1	0	0
2026-05-02T21:35:43	341	49.190000	89	arrived	None	1	1763	1	0	0
2026-05-02T21:35:45	342	63.868133	327	arrived	None	1	1767	1	0	0
2026-05-02T21:35:46	343	-16.461111	131	arrived	None	1	1767	1	0	0
2026-05-02T21:35:47	344	-1.150000	108	arrived	None	1	1767	1	0	0
2026-05-02T21:35:49	345	139.914040	209	arrived	None	1	1770	1	0	0
2026-05-02T21:35:51	346	167.616697	320	arrived	None	1	1777	1	0	0
2026-05-02T21:35:52	347	48.810000	92	arrived	None	1	1777	1	0	0
2026-05-02T21:35:53	348	112.766327	160	arrived	None	1	1777	1	0	0
2026-05-02T21:35:55	349	183.009300	345	arrived	None	1	1780	1	0	0
2026-05-02T21:35:57	350	-27.114360	434	arrived	None	1	1788	1	0	0
2026-05-02T21:35:59	351	18.576957	94	arrived	None	1	1788	1	0	0
2026-05-02T21:36:01	352	34.634810	363	arrived	None	1	1795	1	0	0
2026-05-02T21:36:02	353	115.659360	192	arrived	None	1	1798	1	0	0
2026-05-02T21:36:05	354	54.408450	535	arrived	None	1	1807	1	0	0
2026-05-02T21:36:07	355	181.773191	359	arrived	None	1	1812	1	0	0
2026-05-02T21:36:09	356	-261.802236	437	arrived	None	1	1814	1	0	0
2026-05-02T21:36:11	357	106.320628	330	arrived	None	1	1817	1	0	0
2026-05-02T21:36:13	358	230.593442	460	arrived	None	1	1826	1	0	0
2026-05-02T21:36:14	359	31.388580	106	arrived	None	1	1826	1	0	0
2026-05-02T21:36:16	360	8.490880	133	arrived	None	1	1826	1	0	0
2026-05-02T21:36:17	361	89.061480	135	arrived	None	1	1828	1	0	0
2026-05-02T21:36:19	362	177.900642	354	arrived	None	1	1835	1	0	0
2026-05-02T21:36:20	363	81.208080	130	arrived	None	1	1835	1	0	0
2026-05-02T21:36:23	364	93.049907	478	arrived	None	1	1840	1	0	0
2026-05-02T21:36:24	365	169.377210	287	arrived	None	1	1844	1	0	0
2026-05-02T21:36:26	366	67.311650	111	arrived	None	1	1844	1	0	0
2026-05-02T21:36:27	367	80.132052	129	arrived	None	1	1844	1	0	0
2026-05-02T21:36:29	368	-268.240000	456	arrived	None	1	1850	1	0	0
2026-05-02T21:36:31	369	139.771367	417	arrived	None	1	1858	1	0	0
2026-05-02T21:36:33	370	25.424659	247	arrived	None	1	1860	1	0	0
2026-05-02T21:36:34	371	149.438820	226	arrived	None	1	1863	1	0	0
2026-05-02T21:36:36	372	102.410562	185	arrived	None	1	1865	1	0	0
2026-05-02T21:36:38	373	37.057673	429	arrived	None	1	1871	1	0	0
2026-05-02T21:36:39	374	60.090000	132	arrived	None	1	1871	1	0	0
2026-05-02T21:36:42	375	9.610087	434	arrived	None	1	1878	1	0	0
2026-05-02T21:36:43	376	174.770260	329	arrived	None	1	1880	1	0	0
2026-05-02T21:36:45	377	38.332942	139	arrived	None	1	1880	1	0	0
2026-05-02T21:36:47	378	203.190590	548	arrived	None	1	1885	1	0	0
2026-05-02T21:36:49	379	64.076825	147	arrived	None	1	1885	1	0	0
2026-05-02T21:36:50	380	48.970000	91	arrived	None	1	1885	1	0	0
2026-05-02T21:36:53	381	35.495714	592	arrived	None	1	1891	1	0	0
2026-05-02T21:36:55	382	156.688646	562	arrived	None	1	1900	1	0	0
2026-05-02T21:36:58	383	16.914940	467	arrived	None	1	1911	1	0	0
2026-05-02T21:36:59	384	84.270000	232	arrived	None	1	1914	1	0	0
2026-05-02T21:37:01	385	64.704424	369	arrived	None	1	1923	1	0	0
2026-05-02T21:37:03	386	13.221870	389	arrived	None	1	1925	1	0	0
2026-05-02T21:37:07	387	-174.795985	811	arrived	None	1	1938	1	0	0
2026-05-02T21:37:09	388	147.395971	330	arrived	None	1	1943	1	0	0
2026-05-02T21:37:11	389	9.486387	443	arrived	None	1	1948	1	0	0
2026-05-02T21:37:13	390	124.131220	303	arrived	None	1	1950	1	0	0
2026-05-02T21:37:15	391	91.261230	529	arrived	None	1	1959	1	0	0
2026-05-02T21:37:17	392	38.890000	123	arrived	None	1	1959	1	0	0
2026-05-02T21:37:19	393	-132.523350	569	arrived	None	1	1967	1	0	0
2026-05-02T21:37:22	394	-32.188940	438	arrived	None	1	1973	1	0	0
2026-05-02T21:37:23	395	54.880000	93	arrived	None	1	1973	1	0	0
2026-05-02T21:37:25	396	162.149096	319	arrived	None	1	1973	1	0	0
2026-05-02T21:37:27	397	236.185314	485	arrived	None	1	1979	1	0	0
2026-05-02T21:37:30	398	-3.632522	597	arrived	None	1	1985	1	0	0
2026-05-02T21:37:32	399	138.365000	366	arrived	None	1	1989	1	0	0
2026-05-02T21:37:34	400	130.693412	388	arrived	None	1	1992	1	0	0
2026-05-02T21:37:36	401	11.220780	417	arrived	None	1	1998	1	0	0
2026-05-02T21:37:38	402	154.907980	442	arrived	None	1	2002	1	0	0
2026-05-02T21:37:41	403	44.916599	456	arrived	None	1	2009	1	0	0
2026-05-02T21:37:42	404	13.185685	149	arrived	None	1	2009	1	0	0
2026-05-02T21:37:44	405	41.053695	513	arrived	None	1	2015	1	0	0
2026-05-02T21:37:46	406	41.670000	121	arrived	None	1	2015	1	0	0
2026-05-02T21:37:47	407	68.890000	144	arrived	None	1	2015	1	0	0
2026-05-02T21:37:48	408	83.520420	142	arrived	None	1	2015	1	0	0
2026-05-02T21:37:51	409	61.871600	486	arrived	None	1	2026	1	0	0
2026-05-02T21:37:53	410	119.182691	363	arrived	None	1	2031	1	0	0
2026-05-02T21:37:55	411	-4.141953	457	arrived	None	1	2037	1	0	0
2026-05-02T21:37:57	412	-2.926091	478	arrived	None	1	2046	1	0	0
2026-05-02T21:38:01	413	-126.494209	679	arrived	None	1	2057	1	0	0
2026-05-02T21:38:03	414	196.005540	442	arrived	None	1	2062	1	0	0
2026-05-02T21:38:05	415	79.270000	203	arrived	None	1	2064	1	0	0
2026-05-02T21:38:07	416	38.918700	436	arrived	None	1	2066	1	0	0
2026-05-02T21:38:09	417	145.237126	368	arrived	None	1	2072	1	0	0
2026-05-02T21:38:11	418	188.994960	367	arrived	None	1	2076	1	0	0
2026-05-02T21:38:13	419	-5.721945	466	arrived	None	1	2088	1	0	0
2026-05-02T21:38:15	420	174.156520	428	arrived	None	1	2090	1	0	0
2026-05-02T21:38:17	421	83.470000	245	arrived	None	1	2092	1	0	0
2026-05-02T21:38:19	422	132.808180	306	arrived	None	1	2095	1	0	0
2026-05-02T21:38:20	423	53.446410	161	arrived	None	1	2095	1	0	0
2026-05-02T21:38:22	424	155.571244	355	arrived	None	1	2101	1	0	0
2026-05-02T21:38:24	425	181.630947	328	arrived	None	1	2103	1	0	0
2026-05-02T21:38:26	426	130.057107	345	arrived	None	1	2105	1	0	0
2026-05-02T21:38:28	427	103.749073	314	arrived	None	1	2111	1	0	0
2026-05-02T21:38:29	428	79.584040	126	arrived	None	1	2111	1	0	0
2026-05-02T21:38:31	429	109.006340	320	arrived	None	1	2113	1	0	0
2026-05-02T21:38:33	430	77.320000	124	arrived	None	1	2113	1	0	0
2026-05-02T21:38:34	431	61.110000	108	arrived	None	1	2113	1	0	0
2026-05-02T21:38:37	432	177.531787	592	arrived	None	1	2117	1	0	0
2026-05-02T21:38:38	433	80.939780	128	arrived	None	1	2117	1	0	0
2026-05-02T21:38:40	434	14.214524	439	arrived	None	1	2121	1	0	0
2026-05-02T21:38:43	435	-120.645450	456	arrived	None	1	2126	1	0	0
2026-05-02T21:38:45	436	-42.645591	354	arrived	None	1	2136	1	0	0
2026-05-02T21:38:46	437	86.063920	223	arrived	None	1	2138	1	0	0
2026-05-02T21:38:48	438	79.982340	119	arrived	None	1	2140	1	0	0
2026-05-02T21:38:49	439	66.724300	118	arrived	None	1	2140	1	0	0
2026-05-02T21:38:51	440	-58.584902	435	arrived	None	1	2146	1	0	0
2026-05-02T21:38:53	441	45.289347	256	arrived	None	1	2150	1	0	0
2026-05-02T21:38:55	442	-118.525563	468	arrived	None	1	2158	1	0	0
2026-05-02T21:38:58	443	34.238417	440	arrived	None	1	2168	1	0	0
2026-05-02T21:39:00	444	-15.074890	438	arrived	None	1	2176	1	0	0
2026-05-02T21:39:02	445	-195.351471	349	arrived	None	1	2178	1	0	0
2026-05-02T21:39:03	446	60.157165	137	arrived	None	1	2178	1	0	0
2026-05-02T21:39:05	447	81.490000	127	arrived	None	1	2178	1	0	0
2026-05-02T21:39:07	448	61.306998	392	arrived	None	1	2183	1	0	0
2026-05-02T21:39:08	449	68.466750	111	arrived	None	1	2185	1	0	0
2026-05-02T21:39:11	450	135.409792	528	arrived	None	1	2194	1	0	0
2026-05-02T21:39:13	451	188.923024	384	arrived	None	1	2204	1	0	0
2026-05-02T21:39:15	452	167.962180	300	arrived	None	1	2206	1	0	0
2026-05-02T21:39:16	453	87.339360	286	arrived	None	1	2208	1	0	0
2026-05-02T21:39:18	454	88.658720	322	arrived	None	1	2215	1	0	0
2026-05-02T21:39:20	455	100.542610	335	arrived	None	1	2217	1	0	0
2026-05-02T21:39:22	456	52.360000	95	arrived	None	1	2217	1	0	0
2026-05-02T21:39:23	457	77.672340	120	arrived	None	1	2217	1	0	0
2026-05-02T21:39:25	458	174.117233	334	arrived	None	1	2221	1	0	0
2026-05-02T21:39:27	459	156.436360	318	arrived	None	1	2223	1	0	0
2026-05-02T21:39:28	460	157.119660	326	arrived	None	1	2225	1	0	0
2026-05-02T21:39:30	461	102.421248	335	arrived	None	1	2227	1	0	0
2026-05-02T21:39:32	462	59.740902	109	arrived	None	1	2227	1	0	0
2026-05-02T21:39:33	463	89.374059	337	arrived	None	1	2231	1	0	0
2026-05-02T21:39:35	464	152.474380	330	arrived	None	1	2235	1	0	0
2026-05-02T21:39:37	465	13.039236	426	arrived	None	1	2239	1	0	0
2026-05-02T21:39:40	466	183.993700	385	arrived	None	1	2242	1	0	0
2026-05-02T21:39:41	467	172.171227	308	arrived	None	1	2247	1	0	0
2026-05-02T21:39:43	468	36.989409	375	arrived	None	1	2249	1	0	0
2026-05-02T21:39:45	469	78.513563	120	arrived	None	1	2251	1	0	0
2026-05-02T21:39:46	470	139.382284	211	arrived	None	1	2253	1	0	0
2026-05-02T21:39:48	471	219.396600	450	arrived	None	1	2259	1	0	0
2026-05-02T21:39:50	472	147.987493	327	arrived	None	1	2263	1	0	0
2026-05-02T21:39:52	473	-21.324260	434	arrived	None	1	2274	1	0	0
2026-05-02T21:39:55	474	-101.229692	438	arrived	None	1	2277	1	0	0
2026-05-02T21:39:57	475	97.256963	330	arrived	None	1	2281	1	0	0
2026-05-02T21:39:59	476	50.117350	526	arrived	None	1	2287	1	0	0
2026-05-02T21:40:00	477	51.602860	95	arrived	None	1	2287	1	0	0
2026-05-02T21:40:03	478	167.064357	435	arrived	None	1	2294	1	0	0
2026-05-02T21:40:04	479	135.679173	306	arrived	None	1	2298	1	0	0
2026-05-02T21:40:06	480	51.480904	118	arrived	None	1	2298	1	0	0
2026-05-02T21:40:07	481	165.337567	297	arrived	None	1	2302	1	0	0
2026-05-02T21:40:11	482	141.669562	697	arrived	None	1	2314	1	0	0
2026-05-02T21:40:13	483	232.118359	543	arrived	None	1	2322	1	0	0
2026-05-02T21:40:15	484	128.102790	359	arrived	None	1	2328	1	0	0
2026-05-02T21:40:17	485	76.868094	167	arrived	None	1	2328	1	0	0
2026-05-02T21:40:18	486	113.329960	171	arrived	None	1	2328	1	0	0
2026-05-02T21:40:20	487	152.963200	303	arrived	None	1	2330	1	0	0
2026-05-02T21:40:23	488	230.858088	548	arrived	None	1	2336	1	0	0
2026-05-02T21:40:25	489	220.928964	462	arrived	None	1	2343	1	0	0
2026-05-02T21:40:28	490	179.108577	600	arrived	None	1	2350	1	0	0
2026-05-02T21:40:30	491	198.408020	371	arrived	None	1	2352	1	0	0
2026-05-02T21:40:32	492	118.085740	198	arrived	None	1	2354	1	0	0
2026-05-02T21:40:34	493	97.164435	328	arrived	None	1	2356	1	0	0
2026-05-02T21:40:35	494	51.850000	95	arrived	None	1	2356	1	0	0
2026-05-02T21:40:37	495	135.915933	284	arrived	None	1	2359	1	0	0
2026-05-02T21:40:39	496	159.252573	301	arrived	None	1	2361	1	0	0
2026-05-02T21:40:41	497	11.888860	439	arrived	None	1	2365	1	0	0
2026-05-02T21:40:43	498	124.989975	188	arrived	None	1	2367	1	0	0
2026-05-02T21:40:45	499	-134.118851	432	arrived	None	1	2371	1	0	0
2026-05-02T21:40:46	500	64.487164	127	arrived	None	1	2371	1	0	0
